{
	"type": "Live2D Model Setting",
	"name": "model",
	"model": "model.moc?v=1537512352",
	"textures": [
		"model.2048/texture_00.png?v=1537512352"
	],
    "layout":{
        "center_x":-0.3,
        "center_y":-0.08,
        "width":1.9
    },
	"hit_areas_custom":{
		"head_x":[-0.80, 0.85],
		"head_y":[-0.45, 0.45],
		"body_x":[-0.75, 0.45],
		"body_y":[-0.50, 0]
	},
	"motions":{
		"idle":[
			{"file":"motions/Idle.mtn?v=1537512352"}
		],
        "sleepy":[
            {"file":"motions/Nemui.mtn?v=1537512352"}
        ],
		"flick_head":[
			{"file":"motions/Anone_Synced.mtn?v=1537512352"}
		],
		"tap_body":[
			{"file":"motions/Dance.mtn?v=1537512352"}
		]
	}
}